<?xml version="1.0"?>
<!--<!DOCTYPE metadata SYSTEM "http://www.esri.com/metadata/esriprof80.dtd">-->
<metadata xml:lang="en"><Esri><CreaDate>20201022</CreaDate><CreaTime>15471000</CreaTime><SyncOnce>FALSE</SyncOnce><SyncDate>20110620</SyncDate><SyncTime>11535100</SyncTime><ModDate>20110620</ModDate><ModTime>11535100</ModTime><DataProperties><lineage><Process ToolSource="C:\Program Files\ArcGIS\ArcToolbox\Toolboxes\Data Management Tools.tbx\Dissolve" Date="20100108" Time="100155">Dissolve FPDCCParcels_2010 Z:\PROJECTS\2010\10-10_9WoodCreekRd_parcelAcquisition\FPDCCParcels_01072010.shp dissolve # MULTI_PART DISSOLVE_LINES</Process><Process ToolSource="C:\Program Files\ArcGIS\ArcToolbox\Toolboxes\Conversion Tools.tbx\FeatureClassToFeatureClass" Date="20100422" Time="173206">FeatureClassToFeatureClass C:\fpdcc\FPDCCParcels_01082010_Boundary.shp "Database Connections\planimgis.sde\PLANIM.GIS.FPDCC" FPDCCBoundary # "Name 'Name' true true false 50 Text 0 0 ,First,#,C:\fpdcc\FPDCCParcels_01082010_Boundary.shp,Name,-1,-1;Acres 'Acres' true true false 19 Double 0 0 ,First,#,C:\fpdcc\FPDCCParcels_01082010_Boundary.shp,Acres,-1,-1" # "Database Connections\planimgis.sde\PLANIM.GIS.FPDCC\PLANIM.GIS.FPDCCBoundary"</Process><Process ToolSource="C:\Program Files (x86)\ArcGIS\ArcToolbox\Toolboxes\Data Management Tools.tbx\CopyFeatures" Date="20110620" Time="115351">CopyFeatures "Database Connections\planimetry.sde\planim.GIS.FPDCC\planim.GIS.FPDCCBoundary" C:\Users\darfa\Documents\gisPrjcts\openData\planim_GIS_FPDCCBoundary.shp # 0 0 0</Process><Process ToolSource="c:\program files (x86)\arcgis\desktop10.4\ArcToolbox\Toolboxes\Data Management Tools.tbx\Project" Date="20170512" Time="140217">Project "C:\Users\gturek\Desktop\Lab 6 Cook\original\CC_fps.shp" "C:\Users\gturek\Desktop\Lab 6 Cook\original\UTM_CC_fps.shp" PROJCS['NAD_1983_2011_UTM_Zone_16N',GEOGCS['GCS_NAD_1983_2011',DATUM['D_NAD_1983_2011',SPHEROID['GRS_1980',6378137.0,298.257222101]],PRIMEM['Greenwich',0.0],UNIT['Degree',0.0174532925199433]],PROJECTION['Transverse_Mercator'],PARAMETER['False_Easting',500000.0],PARAMETER['False_Northing',0.0],PARAMETER['Central_Meridian',-87.0],PARAMETER['Scale_Factor',0.9996],PARAMETER['Latitude_Of_Origin',0.0],UNIT['Meter',1.0]] 'WGS_1984_(ITRF00)_To_NAD_1983 + WGS_1984_(ITRF08)_To_NAD_1983_2011' PROJCS['NAD_1983_StatePlane_Illinois_East_FIPS_1201_Feet',GEOGCS['GCS_North_American_1983',DATUM['D_North_American_1983',SPHEROID['GRS_1980',6378137.0,298.257222101]],PRIMEM['Greenwich',0.0],UNIT['Degree',0.0174532925199433]],PROJECTION['Transverse_Mercator'],PARAMETER['False_Easting',984250.0],PARAMETER['False_Northing',0.0],PARAMETER['Central_Meridian',-88.33333333333333],PARAMETER['Scale_Factor',0.999975],PARAMETER['Latitude_Of_Origin',36.66666666666666],UNIT['Foot_US',0.3048006096012192]] NO_PRESERVE_SHAPE # NO_VERTICAL</Process></lineage><itemProps><itemLocation><linkage Sync="TRUE">file://\\CSH-JYVD482-D\C$\Users\gturek\Desktop\Lab 6 Cook\UTM_CC_fps</linkage><protocol Sync="TRUE">Local Area Network</protocol></itemLocation></itemProps><copyHistory><copy source="C:\Users\gturek\Desktop\Lab 6 Cook\original\UTM_CC_fps" dest="\\CSH-JYVD482-D\C$\Users\gturek\Desktop\Lab 6 Cook\UTM_CC_fps" date="20170512" time="14054100"></copy></copyHistory></DataProperties><ArcGISFormat>1.0</ArcGISFormat><ArcGISstyle>ISO 19139 Metadata Implementation Specification</ArcGISstyle></Esri><idinfo><native Sync="TRUE">Microsoft Windows Vista Version 6.1 (Build 7600) ; ESRI ArcCatalog 9.3.1.4000</native><descript><langdata Sync="TRUE">en</langdata><abstract>This Feature dataset is an Update of Cook County Forest Preserve District Parcels.  Updated as of  8/06/2008</abstract><purpose>The Purpose of this Feature Dataset is to keep an annually updated record of Forest Preserve parcels for the purpose of geographic analysis.</purpose></descript><citation><citeinfo><origin>REQUIRED: The name of an organization or individual that developed the data set.</origin><pubdate>REQUIRED: The date when the data set is published or otherwise made available for release.</pubdate><title Sync="TRUE">planim_GIS_FPDCCBoundary</title><ftname Sync="TRUE">planim_GIS_FPDCCBoundary</ftname><geoform Sync="TRUE">vector digital data</geoform><onlink Sync="TRUE">\\GIBKD2UA0060NCW\C$\Users\darfa\Documents\gisPrjcts\openData\planim_GIS_FPDCCBoundary.shp</onlink></citeinfo></citation><timeperd><current>publication date</current><timeinfo><sngdate><caldate>20080806</caldate><time>unknown</time></sngdate></timeinfo></timeperd><status><progress>Complete</progress><update>Annually</update></status><spdom><bounding><westbc Sync="TRUE">-88.263880</westbc><eastbc Sync="TRUE">-87.516926</eastbc><northbc Sync="TRUE">42.154318</northbc><southbc Sync="TRUE">41.468745</southbc></bounding><lboundng><leftbc Sync="TRUE">1003283.612019</leftbc><rightbc Sync="TRUE">1205633.622016</rightbc><bottombc Sync="TRUE">1750040.968122</bottombc><topbc Sync="TRUE">1998832.630971</topbc></lboundng></spdom><keywords><theme><themekt>Plots</themekt><themekey>Parcel</themekey></theme><place><placekey>Cook County Illinois</placekey></place></keywords><accconst>Subject of FPDCC County Data Sharing policies.  Data use must cite credit for the work, and a disclaimier that map is subject to review and updates.  Data may not be manipulated or modified without consent of FPDCC.  Data is subject to interpretation caveats of the FPDCC, and for this reason it should not be interpreted to the public without the knowledge and approval of the FPDCC Planning &amp; Development section who created said shape file.
</accconst><useconst>Subject of FPDCC County Data Sharing policies.  Data use must cite credit for the work, and a disclaimier that map is subject to review and updates.  Data may not be manipulated or modified without consent of FPDCC.  Data is subject to interpretation caveats of the FPDCC, and for this reason it should not be interpreted to the public without the knowledge and approval of the FPDCC Planning &amp; Development section who created said shape file.   May not be published without consent of FPDCC
</useconst><natvform Sync="TRUE">Shapefile</natvform><ptcontac><cntinfo><cntperp><cntper>Garret Wais</cntper><cntorg>Forest Preserve District of Cook County</cntorg></cntperp><cntpos>GIS Specialist</cntpos><cntvoice>708-771-1042</cntvoice><cntemail>gwais@cookcountygov.com</cntemail><hours>M-F 8:30a - 4:30p</hours></cntinfo></ptcontac><crossref><citeinfo><title>Forest Preserve District of Cook County Parcels</title></citeinfo></crossref><datacred>This update was created by Garret Wais GIS Specialist for the Cook County Forest Preserve District.</datacred><secinfo><secclass>Unclassified</secclass></secinfo></idinfo><dataIdInfo><envirDesc Sync="TRUE">Microsoft Windows Vista Version 6.1 (Build 7600) ; ESRI ArcCatalog 9.3.1.4000</envirDesc><dataLang><languageCode Sync="TRUE" value="en"></languageCode></dataLang><idCitation><resTitle Sync="TRUE">planim_GIS_FPDCCBoundary</resTitle><presForm><PresFormCd Sync="TRUE" value="005"></PresFormCd></presForm></idCitation><spatRpType><SpatRepTypCd Sync="TRUE" value="001"></SpatRepTypCd></spatRpType><dataExt><geoEle><GeoBndBox esriExtentType="native"><westBL Sync="TRUE">1003283.612019</westBL><eastBL Sync="TRUE">1205633.622016</eastBL><northBL Sync="TRUE">1998832.630971</northBL><southBL Sync="TRUE">1750040.968122</southBL><exTypeCode Sync="TRUE">1</exTypeCode></GeoBndBox></geoEle></dataExt><geoBox esriExtentType="decdegrees"><westBL Sync="TRUE">-88.26388</westBL><eastBL Sync="TRUE">-87.516926</eastBL><northBL Sync="TRUE">42.154318</northBL><southBL Sync="TRUE">41.468745</southBL><exTypeCode Sync="TRUE">1</exTypeCode></geoBox></dataIdInfo><metainfo><langmeta Sync="TRUE">en</langmeta><metstdn Sync="TRUE">FGDC Content Standards for Digital Geospatial Metadata</metstdn><metstdv Sync="TRUE">FGDC-STD-001-1998</metstdv><mettc Sync="TRUE">local time</mettc><metc><cntinfo><cntaddr><addrtype>REQUIRED: The mailing and/or physical address for the organization or individual.</addrtype><city>REQUIRED: The city of the address.</city><state>REQUIRED: The state or province of the address.</state><postal>REQUIRED: The ZIP or other postal code of the address.</postal></cntaddr><cntvoice>708-771-1042</cntvoice><cntperp><cntper>Garret Wais</cntper><cntorg>Forest Preserve District of Cook County</cntorg></cntperp><cntpos>GIS Specialist</cntpos><cntemail>gwais@cookcountygov.com</cntemail><hours>M - F, 8:30a - 4:30p</hours></cntinfo></metc><metd Sync="TRUE">20110620</metd><metsi><metsc>Unclassified</metsc></metsi><metextns><onlink Sync="TRUE">http://www.esri.com/metadata/esriprof80.html</onlink><metprof Sync="TRUE">ESRI Metadata Profile</metprof></metextns></metainfo><mdLang><languageCode Sync="TRUE" value="en"></languageCode></mdLang><mdStanName Sync="TRUE">ISO 19115 Geographic Information - Metadata</mdStanName><mdStanVer Sync="TRUE">DIS_ESRI1.0</mdStanVer><mdChar><CharSetCd Sync="TRUE" value="004"></CharSetCd></mdChar><mdHrLv><ScopeCd Sync="TRUE" value="005"></ScopeCd></mdHrLv><mdHrLvName Sync="TRUE">dataset</mdHrLvName><distinfo><resdesc Sync="TRUE">Downloadable Data</resdesc><stdorder><digform><digtinfo><transize Sync="TRUE">0.000</transize><dssize Sync="TRUE">0.000</dssize></digtinfo></digform></stdorder></distinfo><distInfo><distributor><distorTran><onLineSrc><orDesc Sync="TRUE">002</orDesc><linkage Sync="TRUE">file://\\GIBKD2UA0060NCW\C$\Users\darfa\Documents\gisPrjcts\openData\planim_GIS_FPDCCBoundary.shp</linkage><protocol Sync="TRUE">Local Area Network</protocol></onLineSrc><transSize Sync="TRUE">0.000</transSize></distorTran><distorFormat><formatName Sync="TRUE">Shapefile</formatName></distorFormat></distributor></distInfo><spdoinfo><direct Sync="TRUE">Vector</direct><ptvctinf><esriterm Name="planim_GIS_FPDCCBoundary"><efeatyp Sync="TRUE">Simple</efeatyp><efeageom Sync="TRUE">Polygon</efeageom><esritopo Sync="TRUE">FALSE</esritopo><efeacnt Sync="TRUE">0</efeacnt><spindex Sync="TRUE">FALSE</spindex><linrefer Sync="TRUE">FALSE</linrefer></esriterm><sdtsterm Name="planim_GIS_FPDCCBoundary"><sdtstype Sync="TRUE">G-polygon</sdtstype><ptvctcnt Sync="TRUE">0</ptvctcnt></sdtsterm></ptvctinf></spdoinfo><spref><horizsys><cordsysn><geogcsn Sync="TRUE">GCS_North_American_1983</geogcsn><projcsn Sync="TRUE">NAD_1983_StatePlane_Illinois_East_FIPS_1201_Feet</projcsn></cordsysn><planar><planci><plance Sync="TRUE">coordinate pair</plance><plandu Sync="TRUE">survey feet</plandu><coordrep><absres Sync="TRUE">0.000000</absres><ordres Sync="TRUE">0.000000</ordres></coordrep></planci><mapproj><mapprojn Sync="TRUE">Transverse Mercator</mapprojn><transmer><sfctrmer Sync="TRUE">0.999975</sfctrmer><longcm Sync="TRUE">-88.333333</longcm><latprjo Sync="TRUE">36.666667</latprjo><feast Sync="TRUE">984250.000000</feast><fnorth Sync="TRUE">0.000000</fnorth></transmer></mapproj></planar><geodetic><horizdn Sync="TRUE">North American Datum of 1983</horizdn><ellips Sync="TRUE">Geodetic Reference System 80</ellips><semiaxis Sync="TRUE">6378137.000000</semiaxis><denflat Sync="TRUE">298.257222</denflat></geodetic></horizsys><vertdef><altsys><altenc Sync="TRUE">Explicit elevation coordinate included with horizontal coordinates</altenc><altres Sync="TRUE">1.000000</altres></altsys></vertdef></spref><refSysInfo><RefSystem><refSysID><identCode Sync="TRUE">NAD_1983_StatePlane_Illinois_East_FIPS_1201_Feet</identCode></refSysID></RefSystem></refSysInfo><spatRepInfo><VectSpatRep><topLvl><TopoLevCd Sync="TRUE" value="001"></TopoLevCd></topLvl><geometObjs Name="planim_GIS_FPDCCBoundary"><geoObjTyp><GeoObjTypCd Sync="TRUE" value="001"></GeoObjTypCd></geoObjTyp><geoObjCnt Sync="TRUE">0</geoObjCnt></geometObjs></VectSpatRep></spatRepInfo><eainfo><detailed Name="planim_GIS_FPDCCBoundary"><enttyp><enttypl Sync="TRUE">planim_GIS_FPDCCBoundary</enttypl><enttypt Sync="TRUE">Feature Class</enttypt><enttypc Sync="TRUE">0</enttypc><enttypd>Individual parcel boundaries</enttypd></enttyp><attr><attrlabl Sync="TRUE">FID</attrlabl><attalias Sync="TRUE">FID</attalias><attrtype Sync="TRUE">OID</attrtype><attwidth Sync="TRUE">4</attwidth><atprecis Sync="TRUE">0</atprecis><attscale Sync="TRUE">0</attscale><attrdef Sync="TRUE">Internal feature number.</attrdef><attrdefs Sync="TRUE">ESRI</attrdefs><attrdomv><udom Sync="TRUE">Sequential unique whole numbers that are automatically generated.</udom></attrdomv></attr><attr><attrlabl Sync="TRUE">NAME</attrlabl><attalias Sync="TRUE">NAME</attalias><attrtype Sync="TRUE">String</attrtype><attwidth Sync="TRUE">50</attwidth></attr><attr><attrlabl Sync="TRUE">ACRES</attrlabl><attalias Sync="TRUE">ACRES</attalias><attrtype Sync="TRUE">Number</attrtype><attwidth Sync="TRUE">19</attwidth><atnumdec Sync="TRUE">8</atnumdec></attr><attr><attrlabl Sync="TRUE">Shape</attrlabl><attalias Sync="TRUE">Shape</attalias><attrtype Sync="TRUE">Geometry</attrtype><attwidth Sync="TRUE">0</attwidth><atprecis Sync="TRUE">0</atprecis><attscale Sync="TRUE">0</attscale><attrdef Sync="TRUE">Feature geometry.</attrdef><attrdefs Sync="TRUE">ESRI</attrdefs><attrdomv><udom Sync="TRUE">Coordinates defining the features.</udom></attrdomv></attr><attr><attrlabl Sync="TRUE">SHAPE_area</attrlabl><attalias Sync="TRUE">SHAPE_area</attalias><attrtype Sync="TRUE">Float</attrtype><attwidth Sync="TRUE">19</attwidth><attrdef Sync="TRUE">Area of feature in internal units squared.</attrdef><attrdefs Sync="TRUE">ESRI</attrdefs><attrdomv><udom Sync="TRUE">Positive real numbers that are automatically generated.</udom></attrdomv><atnumdec Sync="TRUE">11</atnumdec></attr><attr><attrlabl Sync="TRUE">SHAPE_len</attrlabl><attalias Sync="TRUE">SHAPE_len</attalias><attrtype Sync="TRUE">Float</attrtype><attwidth Sync="TRUE">19</attwidth><atnumdec Sync="TRUE">11</atnumdec></attr></detailed></eainfo><mdDateSt Sync="TRUE">20110620</mdDateSt><dataqual><logic>Topological integrity was tested with ArcCatalog for overlaps.</logic><complete>There is no minimum area for polygons.  the dataset was compiled using old data from previous years in conjunction with Plat maps for updates.</complete><lineage><procstep><procdesc>Via "Select by location" using an older Forest Preserve Parcels dataset and the Current County Parcel dataset.  the base shape file was created.  A complete list of parcel pins was provided by the Real Estate Office of the Forest Preserve District.  This parcel list was then joined to the Parcel shp file to see which parcels had not been included in the selection.  Once this list of missing parcels was obtained, plat maps were scanned and georeferenced then appropriate parcels were digitized.</procdesc></procstep><procstep><procdesc Sync="TRUE">Dataset copied.</procdesc><srcused Sync="TRUE">W:\2008\08-37_FPD_Parcel_Corrections\FPDCCParcels_7-24-2008</srcused><procdate Sync="TRUE">20080806</procdate><proctime Sync="TRUE">15332700</proctime></procstep><procstep><procdesc Sync="TRUE">Dataset copied.</procdesc><srcused Sync="TRUE"></srcused><procdate Sync="TRUE">20090213</procdate><proctime Sync="TRUE">12144000</proctime></procstep><procstep><procdesc Sync="TRUE">Dataset copied.</procdesc><srcused Sync="TRUE"></srcused><procdate Sync="TRUE">20090227</procdate><proctime Sync="TRUE">16032300</proctime></procstep><procstep><procdesc Sync="TRUE">Dataset copied.</procdesc><srcused Sync="TRUE"></srcused><procdate Sync="TRUE">20100108</procdate><proctime Sync="TRUE">09252700</proctime></procstep><procstep><procdesc Sync="TRUE">Dataset copied.</procdesc><srcused Sync="TRUE"></srcused><procdate Sync="TRUE">20100108</procdate><proctime Sync="TRUE">12294400</proctime></procstep><procstep><procdesc Sync="TRUE">Dataset copied.</procdesc><srcused Sync="TRUE">Server=gissrv8; Service=5154; Database=planim; User=gis; Version=SDE.DEFAULT</srcused><procdate Sync="TRUE">20100906</procdate><proctime Sync="TRUE">23031800</proctime></procstep></lineage></dataqual></metadata>
