<?xml version="1.0" encoding="UTF-8"?>
<metadata xml:lang="ko"><Esri><CreaDate>20231112</CreaDate><CreaTime>14522200</CreaTime><ArcGISFormat>1.0</ArcGISFormat><SyncOnce>FALSE</SyncOnce><DataProperties><itemProps><itemName Sync="TRUE">ctrLns</itemName><imsContentType Sync="TRUE">002</imsContentType><itemSize Sync="TRUE">0.000</itemSize><itemLocation><linkage Sync="TRUE">file://\\DESKTOP-DVVDP3I\C$\Users\k_yun\Desktop\08-Lab08\Shapefiles\02-DTM\ctrLns.shp</linkage><protocol Sync="TRUE">Local Area Network</protocol></itemLocation></itemProps><coordRef><type Sync="TRUE">Projected</type><geogcsn Sync="TRUE">GCS_Korea_2000</geogcsn><csUnits Sync="TRUE">Linear Unit: Meter (1.000000)</csUnits><projcsn Sync="TRUE">Korea_2000_Korea_Central_Belt_2010</projcsn><peXml Sync="TRUE">&lt;ProjectedCoordinateSystem xsi:type='typens:ProjectedCoordinateSystem' xmlns:xsi='http://www.w3.org/2001/XMLSchema-instance' xmlns:xs='http://www.w3.org/2001/XMLSchema' xmlns:typens='http://www.esri.com/schemas/ArcGIS/2.5.0'&gt;&lt;WKT&gt;PROJCS[&amp;quot;Korea_2000_Korea_Central_Belt_2010&amp;quot;,GEOGCS[&amp;quot;GCS_Korea_2000&amp;quot;,DATUM[&amp;quot;D_Korea_2000&amp;quot;,SPHEROID[&amp;quot;GRS_1980&amp;quot;,6378137.0,298.257222101]],PRIMEM[&amp;quot;Greenwich&amp;quot;,0.0],UNIT[&amp;quot;Degree&amp;quot;,0.0174532925199433]],PROJECTION[&amp;quot;Transverse_Mercator&amp;quot;],PARAMETER[&amp;quot;False_Easting&amp;quot;,200000.0],PARAMETER[&amp;quot;False_Northing&amp;quot;,600000.0],PARAMETER[&amp;quot;Central_Meridian&amp;quot;,127.0],PARAMETER[&amp;quot;Scale_Factor&amp;quot;,1.0],PARAMETER[&amp;quot;Latitude_Of_Origin&amp;quot;,38.0],UNIT[&amp;quot;Meter&amp;quot;,1.0],AUTHORITY[&amp;quot;EPSG&amp;quot;,5186]]&lt;/WKT&gt;&lt;XOrigin&gt;-5423200&lt;/XOrigin&gt;&lt;YOrigin&gt;-13609600&lt;/YOrigin&gt;&lt;XYScale&gt;450265407.00157917&lt;/XYScale&gt;&lt;ZOrigin&gt;-100000&lt;/ZOrigin&gt;&lt;ZScale&gt;10000&lt;/ZScale&gt;&lt;MOrigin&gt;-100000&lt;/MOrigin&gt;&lt;MScale&gt;10000&lt;/MScale&gt;&lt;XYTolerance&gt;0.001&lt;/XYTolerance&gt;&lt;ZTolerance&gt;0.001&lt;/ZTolerance&gt;&lt;MTolerance&gt;0.001&lt;/MTolerance&gt;&lt;HighPrecision&gt;true&lt;/HighPrecision&gt;&lt;WKID&gt;102082&lt;/WKID&gt;&lt;LatestWKID&gt;5186&lt;/LatestWKID&gt;&lt;/ProjectedCoordinateSystem&gt;</peXml></coordRef><lineage><Process ToolSource="c:\program files\arcgis\pro\Resources\ArcToolbox\toolboxes\Data Management Tools.tbx\Merge" Date="20231112" Time="124733">Merge Lines\Miwon052;Lines\Miwon051;Lines\Miwon042;Lines\Miwon041;Lines\Miwon032;Lines\Miwon031;Lines\Cheongju060;Lines\Cheongju050;Lines\Cheongju040 C:\Users\k_yun\Desktop\08-Lab08\Shapefiles\02-DTM\ctrLns.shp "구분 "구분" true true false 254 Text 0 0,First,#,Lines\Miwon052,구분,0,254,Lines\Miwon051,구분,0,254,Lines\Miwon042,구분,0,254,Lines\Miwon041,구분,0,254,Lines\Miwon032,구분,0,254,Lines\Miwon031,구분,0,254,Lines\Cheongju060,구분,0,254,Lines\Cheongju050,구분,0,254,Lines\Cheongju040,구분,0,254;등고수 "등고수치" true true false 16 Double 4 15,First,#,Lines\Miwon052,등고수치,-1,-1,Lines\Miwon051,등고수치,-1,-1,Lines\Miwon042,등고수치,-1,-1,Lines\Miwon041,등고수치,-1,-1,Lines\Miwon032,등고수치,-1,-1,Lines\Miwon031,등고수치,-1,-1,Lines\Cheongju060,등고수치,-1,-1,Lines\Cheongju050,등고수치,-1,-1,Lines\Cheongju040,등고수치,-1,-1;UFID "UFID" true true false 254 Text 0 0,First,#,Lines\Miwon052,UFID,0,254,Lines\Miwon051,UFID,0,254,Lines\Miwon042,UFID,0,254,Lines\Miwon041,UFID,0,254,Lines\Miwon032,UFID,0,254,Lines\Miwon031,UFID,0,254,Lines\Cheongju060,UFID,0,254,Lines\Cheongju050,UFID,0,254,Lines\Cheongju040,UFID,0,254" NO_SOURCE_INFO</Process><Process ToolSource="c:\program files\arcgis\pro\Resources\ArcToolbox\toolboxes\Data Management Tools.tbx\Project" Date="20231112" Time="145222">Project Lines\ctrLns C:\Users\k_yun\Desktop\08-Lab08\Shapefiles\02-DTM\ctrLns_prj.shp PROJCS['Korea_2000_Korea_Unified_Coordinate_System',GEOGCS['GCS_Korea_2000',DATUM['D_Korea_2000',SPHEROID['GRS_1980',6378137.0,298.257222101]],PRIMEM['Greenwich',0.0],UNIT['Degree',0.0174532925199433]],PROJECTION['Transverse_Mercator'],PARAMETER['False_Easting',1000000.0],PARAMETER['False_Northing',2000000.0],PARAMETER['Central_Meridian',127.5],PARAMETER['Scale_Factor',0.9996],PARAMETER['Latitude_Of_Origin',38.0],UNIT['Meter',1.0]] # PROJCS['Korea_2000_Korea_Central_Belt_2010',GEOGCS['GCS_Korea_2000',DATUM['D_Korea_2000',SPHEROID['GRS_1980',6378137.0,298.257222101]],PRIMEM['Greenwich',0.0],UNIT['Degree',0.0174532925199433]],PROJECTION['Transverse_Mercator'],PARAMETER['False_Easting',200000.0],PARAMETER['False_Northing',600000.0],PARAMETER['Central_Meridian',127.0],PARAMETER['Scale_Factor',1.0],PARAMETER['Latitude_Of_Origin',38.0],UNIT['Meter',1.0]] NO_PRESERVE_SHAPE # NO_VERTICAL</Process></lineage></DataProperties><SyncDate>20231112</SyncDate><SyncTime>12473200</SyncTime><ModDate>20231112</ModDate><ModTime>12473200</ModTime></Esri><dataIdInfo><envirDesc Sync="TRUE">Microsoft Windows 10 Version 10.0 (Build 19045) ; Esri ArcGIS 12.5.0.22081</envirDesc><dataLang><languageCode value="kor" Sync="TRUE"></languageCode><countryCode value="KOR" Sync="TRUE"></countryCode></dataLang><idCitation><resTitle Sync="TRUE">ctrLns</resTitle><presForm><PresFormCd value="005" Sync="TRUE"></PresFormCd></presForm></idCitation><spatRpType><SpatRepTypCd value="001" Sync="TRUE"></SpatRepTypCd></spatRpType></dataIdInfo><mdLang><languageCode value="kor" Sync="TRUE"></languageCode><countryCode value="KOR" Sync="TRUE"></countryCode></mdLang><mdChar><CharSetCd value="004" Sync="TRUE"></CharSetCd></mdChar><distInfo><distFormat><formatName Sync="TRUE">Shapefile</formatName></distFormat><distTranOps><transSize Sync="TRUE">0.000</transSize></distTranOps></distInfo><mdHrLv><ScopeCd value="005" Sync="TRUE"></ScopeCd></mdHrLv><mdHrLvName Sync="TRUE">dataset</mdHrLvName><refSysInfo><RefSystem><refSysID><identCode code="5186" Sync="TRUE"></identCode><idCodeSpace Sync="TRUE">EPSG</idCodeSpace><idVersion Sync="TRUE">7.5.4(10.1.0)</idVersion></refSysID></RefSystem></refSysInfo><spatRepInfo><VectSpatRep><geometObjs Name="ctrLns"><geoObjTyp><GeoObjTypCd value="002" Sync="TRUE"></GeoObjTypCd></geoObjTyp><geoObjCnt Sync="TRUE">0</geoObjCnt></geometObjs><topLvl><TopoLevCd value="001" Sync="TRUE"></TopoLevCd></topLvl></VectSpatRep></spatRepInfo><spdoinfo><ptvctinf><esriterm Name="ctrLns"><efeatyp Sync="TRUE">Simple</efeatyp><efeageom code="3" Sync="TRUE"></efeageom><esritopo Sync="TRUE">FALSE</esritopo><efeacnt Sync="TRUE">0</efeacnt><spindex Sync="TRUE">FALSE</spindex><linrefer Sync="TRUE">FALSE</linrefer></esriterm></ptvctinf></spdoinfo><eainfo><detailed Name="ctrLns"><enttyp><enttypl Sync="TRUE">ctrLns</enttypl><enttypt Sync="TRUE">Feature Class</enttypt><enttypc Sync="TRUE">0</enttypc></enttyp><attr><attrlabl Sync="TRUE">FID</attrlabl><attalias Sync="TRUE">FID</attalias><attrtype Sync="TRUE">OID</attrtype><attwidth Sync="TRUE">4</attwidth><atprecis Sync="TRUE">0</atprecis><attscale Sync="TRUE">0</attscale><attrdef Sync="TRUE">Internal feature number.</attrdef><attrdefs Sync="TRUE">Esri</attrdefs><attrdomv><udom Sync="TRUE">Sequential unique whole numbers that are automatically generated.</udom></attrdomv></attr><attr><attrlabl Sync="TRUE">Shape</attrlabl><attalias Sync="TRUE">Shape</attalias><attrtype Sync="TRUE">Geometry</attrtype><attwidth Sync="TRUE">0</attwidth><atprecis Sync="TRUE">0</atprecis><attscale Sync="TRUE">0</attscale><attrdef Sync="TRUE">Feature geometry.</attrdef><attrdefs Sync="TRUE">Esri</attrdefs><attrdomv><udom Sync="TRUE">Coordinates defining the features.</udom></attrdomv></attr><attr><attrlabl Sync="TRUE">구분</attrlabl><attalias Sync="TRUE">구분</attalias><attrtype Sync="TRUE">String</attrtype><attwidth Sync="TRUE">254</attwidth><atprecis Sync="TRUE">0</atprecis><attscale Sync="TRUE">0</attscale></attr><attr><attrlabl Sync="TRUE">등고수</attrlabl><attalias Sync="TRUE">등고수</attalias><attrtype Sync="TRUE">Double</attrtype><attwidth Sync="TRUE">16</attwidth><atprecis Sync="TRUE">15</atprecis><attscale Sync="TRUE">4</attscale></attr><attr><attrlabl Sync="TRUE">UFID</attrlabl><attalias Sync="TRUE">UFID</attalias><attrtype Sync="TRUE">String</attrtype><attwidth Sync="TRUE">254</attwidth><atprecis Sync="TRUE">0</atprecis><attscale Sync="TRUE">0</attscale></attr></detailed></eainfo><mdDateSt Sync="TRUE">20231112</mdDateSt></metadata>
